IMD_quintile,Average_locum,Average_vaccination,Average_payments,GP_per_10k,locum_per_10k,Total_patients,avg_achievement,avg_prevalence,avg_prop65
1,1.487787186,3.259004536,166.3858482,60.25583469,0.602813515,13745250.25,96.3,4.06,21.8
2,1.220840818,3.294094918,170.4991123,59.33931635,0.803848707,13202455.75,96.3,4.22,21.5
3,1.169887423,3.134342782,160.9822482,55.65466788,1.144742455,12841339.75,96.3,3.95,18.4
4,1.00953049,2.640396359,158.7101844,54.12473095,1.423943054,12129158,96.2,3.69,15.4
5,1.044445214,2.676772863,163.0531039,54.62315332,1.681227177,10067645,96.4,3.6,13.4